"","x"
"ASV_0001 Moraxellaceae.g Acinetobacter",13
"ASV_0002 Pseudomonadaceae.g Pseudomonas",2
"ASV_0003 Weeksellaceae.g Chryseobacterium",13
"ASV_0004 Micrococcaceae.g Citricoccus",10
"ASV_0005 Mitochondria.g NA",10
"ASV_0006 Pseudomonadaceae.g Pseudomonas",2
"ASV_0007 Xanthomonadaceae.g Stenotrophomonas",2
"ASV_0008 Pseudomonadaceae.g Pseudomonas",9
"ASV_0009 Micrococcaceae.g Paenarthrobacter",3
"ASV_0010 Weeksellaceae.g Chryseobacterium",9
"ASV_0011 Pseudomonadaceae.g Pseudomonas",2
"ASV_0012 Pseudomonadaceae.g Pseudomonas",8
"ASV_0013 Moraxellaceae.g Acinetobacter",3
"ASV_0014 Sphingobacteriaceae.g Pedobacter",6
"ASV_0015 Pseudomonadaceae.g Pseudomonas",13
"ASV_0016 Erwiniaceae.g Pantoea",13
"ASV_0017 Sphingobacteriaceae.g Sphingobacterium",3
"ASV_0018 Pasteurellaceae.g Mannheimia",10
"ASV_0019 Oxalobacteraceae.g Massilia",13
"ASV_0020 Microbacteriaceae.g Curtobacterium",10
"ASV_0021 Weeksellaceae.g Chryseobacterium",9
"ASV_0022 Caulobacteraceae.g Brevundimonas",8
"ASV_0023 Brevibacteriaceae.g Brevibacterium",3
"ASV_0024 Pseudomonadaceae.g Pseudomonas",6
"ASV_0025 Sphingobacteriaceae.g Sphingobacterium",8
"ASV_0026 Alcaligenaceae.g Advenella",9
"ASV_0027 Flavobacteriaceae.g Flavobacterium",6
"ASV_0028 Bacteroidaceae.g Bacteroides",3
"ASV_0029 Dietziaceae.g Dietzia",11
"ASV_0030 Microbacteriaceae.g NA",3
"ASV_0031 Moraxellaceae.g Acinetobacter",14
"ASV_0032 Microbacteriaceae.g Rathayibacter",4
"ASV_0033 Planococcaceae.g Planomicrobium",11
"ASV_0034 Flavobacteriaceae.g Flavobacterium",8
"ASV_0035 Aeromonadaceae.g Aeromonas",6
"ASV_0036 Pasteurellaceae.g Pasteurella",10
"ASV_0037 Flavobacteriaceae.g Flavobacterium",8
"ASV_0038 Porphyromonadaceae.g Porphyromonas",3
"ASV_0039 Sphingobacteriaceae.g Sphingobacterium",9
"ASV_0040 Nocardiaceae.g Rhodococcus",12
"ASV_0041 Pseudomonadaceae.g Pseudomonas",1
"ASV_0042 Xanthomonadaceae.g Stenotrophomonas",14
"ASV_0043 Oxalobacteraceae.g Janthinobacterium",15
"ASV_0044 Xanthomonadaceae.g Luteimonas",12
"ASV_0045 Pseudomonadaceae.g Pseudomonas",15
"ASV_0046 Moraxellaceae.g Faucicola",10
"ASV_0047 Pseudomonadaceae.g Pseudomonas",15
"ASV_0048 Microbacteriaceae.g Clavibacter",12
"ASV_0049 Family XI.g Parvimonas",3
"ASV_0050 Porphyromonadaceae.g Porphyromonas",3
"ASV_0051 Mitochondria.g NA",5
"ASV_0052 Xanthomonadaceae.g Stenotrophomonas",1
"ASV_0053 Moraxellaceae.g Acinetobacter",10
"ASV_0054 Streptococcaceae.g Lactococcus",12
"ASV_0055 Sphingobacteriaceae.g Pedobacter",9
"ASV_0056 Sphingomonadaceae.g Sphingomonas",15
"ASV_0057 Sphingobacteriaceae.g Pedobacter",14
"ASV_0058 Peptostreptococcaceae.g Peptostreptococcus",3
"ASV_0059 Microbacteriaceae.g Cryobacterium",1
"ASV_0060 Planococcaceae.g Caryophanon",10
"ASV_0061 Alcaligenaceae.g Pigmentiphaga",15
"ASV_0062 Aerococcaceae.g Aerococcus",11
"ASV_0063 Weeksellaceae.g Chryseobacterium",1
"ASV_0064 Caulobacteraceae.g Brevundimonas",14
"ASV_0065 Alcaligenaceae.g Advenella",15
"ASV_0066 Weeksellaceae.g Chryseobacterium",15
"ASV_0067 Fusobacteriaceae.g Fusobacterium",3
"ASV_0068 Rhizobiaceae.g Neorhizobium",14
"ASV_0069 Sphingomonadaceae.g Sphingomonas",10
"ASV_0070 Moraxellaceae.g Acinetobacter",14
"ASV_0071 Pseudomonadaceae.g Pseudomonas",1
"ASV_0072 Weeksellaceae.g Chryseobacterium",1
"ASV_0073 Sphingobacteriaceae.g Pedobacter",15
"ASV_0074 Fusobacteriaceae.g Fusobacterium",5
"ASV_0075 Brevibacteriaceae.g Brevibacterium",4
"ASV_0076 Caulobacteraceae.g Brevundimonas",14
"ASV_0077 Crocinitomicaceae.g Fluviicola",14
"ASV_0078 Moraxellaceae.g Psychrobacter",12
"ASV_0079 Weeksellaceae.g Chryseobacterium",14
"ASV_0080 Pseudomonadaceae.g Pseudomonas",1
"ASV_0081 Family XI.g Helcococcus",3
"ASV_0082 Caulobacteraceae.g Brevundimonas",15
"ASV_0083 Carnobacteriaceae.g Jeotgalibaca",11
"ASV_0084 Family XI.g Murdochiella",5
"ASV_0085 Chitinophagaceae.g Filobacterium",10
"ASV_0086 Weeksellaceae.g Chryseobacterium",14
"ASV_0087 Comamonadaceae.g NA",14
"ASV_0088 Pseudomonadaceae.g Pseudomonas",1
"ASV_0089 Sphingobacteriaceae.g Sphingobacterium",14
"ASV_0090 Microbacteriaceae.g NA",1
"ASV_0091 Flavobacteriaceae.g Flavobacterium",1
"ASV_0092 Flavobacteriaceae.g Flavobacterium",15
"ASV_0093 Pseudomonadaceae.g Pseudomonas",1
"ASV_0094 Sporolactobacillaceae.g NA",10
"ASV_0095 Sphingobacteriaceae.g Pedobacter",1
"ASV_0096 Sphingobacteriaceae.g Pedobacter",15
"ASV_0097 Xanthobacteraceae.g Bradyrhizobium",10
"ASV_0098 Flavobacteriaceae.g Flavobacterium",15
"ASV_0099 Devosiaceae.g Devosia",7
"ASV_0100 Carnobacteriaceae.g Trichococcus",7
"ASV_0101 Sphingobacteriaceae.g Pedobacter",14
"ASV_0102 Pseudomonadaceae.g Pseudomonas",1
"ASV_0103 Sphingobacteriaceae.g Pedobacter",15
"ASV_0104 Staphylococcaceae.g NA",11
"ASV_0105 Microbacteriaceae.g Plantibacter",1
"ASV_0106 Flavobacteriaceae.g Flavobacterium",1
"ASV_0107 Enterobacteriaceae.g Klebsiella",1
"ASV_0108 Sphingobacteriaceae.g Sphingobacterium",1
"ASV_0109 Caulobacteraceae.g Brevundimonas",1
"ASV_0110 Oxalobacteraceae.g Duganella",14
"ASV_0111 Aeromonadaceae.g Aeromonas",1
"ASV_0112 Alcaligenaceae.g Advenella",1
"ASV_0113 Microbacteriaceae.g Microbacterium",1
"ASV_0114 Streptomycetaceae.g Streptomyces",12
"ASV_0115 Cardiobacteriaceae.g Suttonella",1
"ASV_0116 Moraxellaceae.g Acinetobacter",11
"ASV_0117 Pseudomonadaceae.g Pseudomonas",1
"ASV_0118 Beijerinckiaceae.g MethylobacteriumMethylorubrum",5
"ASV_0119 Mitochondria.g NA",10
"ASV_0120 Mycoplasmataceae.g Mycoplasma",12
"ASV_0121 Weeksellaceae.g Chryseobacterium",1
"ASV_0122 Oxalobacteraceae.g Massilia",15
"ASV_0123 Caulobacteraceae.g Brevundimonas",14
"ASV_0124 Comamonadaceae.g Limnohabitans",15
"ASV_0125 Caulobacteraceae.g Brevundimonas",12
"ASV_0126 Sphingobacteriaceae.g Sphingobacterium",14
"ASV_0127 Comamonadaceae.g NA",1
"ASV_0128 Sphingobacteriaceae.g Pedobacter",1
"ASV_0129 Sphingobacteriaceae.g NA",1
"ASV_0130 Sphingobacteriaceae.g Arcticibacter",1
"ASV_0131 Pseudomonadaceae.g Pseudomonas",1
"ASV_0132 Leptotrichiaceae.g Caviibacter",5
"ASV_0133 Moraxellaceae.g Moraxella",5
"ASV_0134 Pseudomonadaceae.g Pseudomonas",1
"ASV_0135 Moraxellaceae.g Faucicola",12
"ASV_0136 Flavobacteriaceae.g Flavobacterium",14
"ASV_0137 Pseudomonadaceae.g Pseudomonas",1
"ASV_0138 Xanthomonadaceae.g Stenotrophomonas",14
"ASV_0139 Weeksellaceae.g Chryseobacterium",1
"ASV_0140 Alcaligenaceae.g Verticiella",1
"ASV_0141 Erysipelotrichaceae.g Erysipelothrix",11
"ASV_0142 Moraxellaceae.g Acinetobacter",1
"ASV_0143 Weeksellaceae.g Chryseobacterium",1
"ASV_0144 Aerococcaceae.g Aerosphaera",11
"ASV_0145 Flavobacteriaceae.g Flavobacterium",14
"ASV_0146 Family XI.g Murdochiella",11
"ASV_0147 Family XI.g W5053",11
"ASV_0148 NA.g NA",1
"ASV_0149 Pasteurellaceae.g Haemophilus",5
"ASV_0150 Rhodobacteraceae.g Gemmobacter",12
"ASV_0151 Xanthomonadaceae.g Thermomonas",12
"ASV_0152 Peptostreptococcaceae.g Peptoanaerobacter",5
"ASV_0153 Micrococcaceae.g Pseudarthrobacter",15
"ASV_0154 Moraxellaceae.g Acinetobacter",1
"ASV_0155 Microbacteriaceae.g NA",1
"ASV_0156 Comamonadaceae.g NA",14
"ASV_0157 Microbacteriaceae.g Gulosibacter",7
"ASV_0158 Xanthomonadaceae.g Stenotrophomonas",15
"ASV_0159 Sphingobacteriaceae.g Pedobacter",15
"ASV_0160 Weeksellaceae.g Chryseobacterium",1
"ASV_0161 Pasteurellaceae.g NA",1
"ASV_0162 Devosiaceae.g Devosia",12
"ASV_0163 Caulobacteraceae.g Brevundimonas",1
"ASV_0164 Microbacteriaceae.g Microbacterium",1
"ASV_0165 Sphingobacteriaceae.g Sphingobacterium",1
"ASV_0166 Weeksellaceae.g Chryseobacterium",1
"ASV_0167 Cellulomonadaceae.g Oerskovia",1
"ASV_0168 Flavobacteriaceae.g Flavobacterium",1
"ASV_0169 Fusobacteriaceae.g Fusobacterium",5
"ASV_0170 Micrococcaceae.g Neomicrococcus",11
"ASV_0171 Guggenheimella.g NA",11
"ASV_0172 Weeksellaceae.g Chryseobacterium",15
"ASV_0173 Weeksellaceae.g Chryseobacterium",14
"ASV_0174 Caulobacteraceae.g Brevundimonas",12
"ASV_0175 Rhizobiaceae.g Neorhizobium",15
"ASV_0176 Pseudomonadaceae.g Pseudomonas",11
"ASV_0177 Family XI.g W5053",11
"ASV_0178 Moraxellaceae.g Acinetobacter",1
"ASV_0179 Flavobacteriaceae.g NA",5
"ASV_0180 Moraxellaceae.g Acinetobacter",12
"ASV_0181 Carnobacteriaceae.g NA",1
"ASV_0182 Flavobacteriaceae.g Flavobacterium",12
"ASV_0183 Peptostreptococcaceae.g Paeniclostridium",11
"ASV_0184 Aerococcaceae.g Facklamia",11
"ASV_0185 Weeksellaceae.g Chryseobacterium",1
"ASV_0186 Planococcaceae.g Kurthia",11
"ASV_0187 Caulobacteraceae.g Brevundimonas",15
"ASV_0188 Comamonadaceae.g Ramlibacter",14
"ASV_0189 Alcaligenaceae.g Oligella",11
"ASV_0190 Moraxellaceae.g Acinetobacter",1
"ASV_0191 Pseudomonadaceae.g Pseudomonas",1
"ASV_0192 Comamonadaceae.g Pelomonas",1
"ASV_0193 Dermabacteraceae.g Brachybacterium",1
"ASV_0194 Caulobacteraceae.g Brevundimonas",1
"ASV_0195 Comamonadaceae.g Comamonas",12
"ASV_0196 Mitochondria.g NA",12
"ASV_0197 Pseudomonadaceae.g Pseudomonas",1
"ASV_0198 Peptostreptococcaceae.g Romboutsia",11
"ASV_0199 Planococcaceae.g NA",11
"ASV_0200 Dietziaceae.g Dietzia",12
"ASV_0201 Oscillospiraceae.g UCG005",11
"ASV_0202 Hungateiclostridiaceae.g Fastidiosipila",11
"ASV_0203 Flavobacteriaceae.g Flavobacterium",7
"ASV_0204 Carnobacteriaceae.g Atopostipes",11
"ASV_0205 Xanthomonadaceae.g Stenotrophomonas",1
"ASV_0206 Actinomycetaceae.g Trueperella",11
"ASV_0207 Peptostreptococcaceae.g Clostridioides",4
"ASV_0208 Dietziaceae.g Dietzia",7
"ASV_0209 Pseudomonadaceae.g Pseudomonas",1
"ASV_0210 Pasteurellaceae.g Mannheimia",5
"ASV_0211 Comamonadaceae.g Delftia",4
"ASV_0212 Microbacteriaceae.g NA",1
"ASV_0213 NA.g NA",15
"ASV_0214 Campylobacteraceae.g Campylobacter",5
"ASV_0215 Campylobacteraceae.g Campylobacter",5
"ASV_0216 Pasteurellaceae.g Mannheimia",5
"ASV_0217 Lachnospiraceae.g Lachnospiraceae NK3A20 group",11
"ASV_0218 Sphingomonadaceae.g Sphingopyxis",1
"ASV_0219 Comamonadaceae.g Limnohabitans",1
"ASV_0220 Devosiaceae.g Devosia",1
"ASV_0221 Unknown Family.g Acidibacter",12
"ASV_0222 Sphingobacteriaceae.g Sphingobacterium",1
"ASV_0223 Sphingobacteriaceae.g Sphingobacterium",14
"ASV_0224 Moraxellaceae.g Acinetobacter",12
"ASV_0225 Oscillospiraceae.g UCG005",11
"ASV_0226 Aerococcaceae.g Facklamia",11
"ASV_0227 Moraxellaceae.g Acinetobacter",12
"ASV_0228 Microbacteriaceae.g NA",1
"ASV_0229 Corynebacteriaceae.g Corynebacterium",11
"ASV_0230 Moraxellaceae.g Acinetobacter",14
"ASV_0231 Flavobacteriaceae.g Flavobacterium",1
"ASV_0232 Weeksellaceae.g Chryseobacterium",14
"ASV_0233 Devosiaceae.g Devosia",1
"ASV_0234 Flavobacteriaceae.g Flavobacterium",1
"ASV_0235 Moraxellaceae.g Acinetobacter",14
"ASV_0236 Alcaligenaceae.g Verticiella",1
"ASV_0237 Family XI.g Helcococcus",11
"ASV_0238 Burkholderiaceae.g Lautropia",1
"ASV_0239 Microbacteriaceae.g Herbiconiux",1
"ASV_0240 Weeksellaceae.g Bergeyella",1
"ASV_0241 Sphingobacteriaceae.g Sphingobacterium",14
"ASV_0242 Family XI.g Helcococcus",5
"ASV_0243 Actinomycetaceae.g Trueperella",5
"ASV_0244 Paenibacillaceae.g Paenibacillus",1
"ASV_0245 Clostridiaceae.g Clostridium sensu stricto 1",1
"ASV_0246 Sphingobacteriaceae.g Sphingobacterium",14
"ASV_0247 Pseudomonadaceae.g Pseudomonas",1
"ASV_0248 Carnobacteriaceae.g Atopostipes",1
"ASV_0249 Family XI.g Helcococcus",11
"ASV_0250 Streptococcaceae.g Streptococcus",1
"ASV_0251 Erwiniaceae.g Erwinia",1
"ASV_0252 Rhizobiaceae.g Aureimonas",1
"ASV_0253 Weeksellaceae.g Chryseobacterium",1
"ASV_0254 Xanthomonadaceae.g Stenotrophomonas",1
"ASV_0255 Moraxellaceae.g Moraxella",1
"ASV_0256 Porphyromonadaceae.g Porphyromonas",5
"ASV_0257 Pseudomonadaceae.g Pseudomonas",1
"ASV_0258 Streptococcaceae.g Streptococcus",1
"ASV_0259 Planococcaceae.g Lysinibacillus",11
"ASV_0260 Alcaligenaceae.g NA",4
"ASV_0261 Bacteroidaceae.g Bacteroides",5
"ASV_0262 Xanthomonadaceae.g Luteimonas",7
"ASV_0263 Micrococcaceae.g Micrococcus",7
"ASV_0264 Sphingobacteriaceae.g Pedobacter",1
"ASV_0265 Anaerovoracaceae.g Mogibacterium",11
"ASV_0266 Moraxellaceae.g Psychrobacter",7
"ASV_0267 Comamonadaceae.g Comamonas",14
"ASV_0268 Aerococcaceae.g Ignavigranum",11
"ASV_0269 Moraxellaceae.g Acinetobacter",7
"ASV_0270 Sporolactobacillaceae.g NA",1
"ASV_0271 Family XI.g Helcococcus",5
"ASV_0272 Sphingobacteriaceae.g Sphingobacterium",12
"ASV_0273 Hungateiclostridiaceae.g Fastidiosipila",7
"ASV_0274 Sphingomonadaceae.g Altererythrobacter",1
"ASV_0275 Carnobacteriaceae.g NA",1
"ASV_0276 Peptostreptococcaceae.g Romboutsia",7
"ASV_0277 Actinomycetaceae.g Flaviflexus",7
"ASV_0278 Chitinophagaceae.g NA",12
"ASV_0279 Carnobacteriaceae.g Jeotgalibaca",1
"ASV_0280 Arcobacteraceae.g Arcobacter",1
"ASV_0281 Weeksellaceae.g Chryseobacterium",1
"ASV_0282 Azospirillaceae.g Azospirillum",1
"ASV_0283 Carnobacteriaceae.g NA",1
"ASV_0284 Alteromonadaceae.g Rheinheimera",1
"ASV_0285 Campylobacteraceae.g Campylobacter",5
"ASV_0286 Micrococcaceae.g Micrococcus",7
"ASV_0287 Ruminococcaceae.g Ruminococcus",4
"ASV_0288 Porphyromonadaceae.g NA",5
"ASV_0289 Xanthomonadaceae.g Thermomonas",12
"ASV_0290 NA.g NA",7
"ASV_0291 Beijerinckiaceae.g MethylobacteriumMethylorubrum",7
"ASV_0292 NA.g NA",4
"ASV_0293 Staphylococcaceae.g Staphylococcus",1
"ASV_0294 Streptococcaceae.g Streptococcus",4
"ASV_0295 Moraxellaceae.g Acinetobacter",1
"ASV_0296 Paludibacteraceae.g Paludibacter",1
"ASV_0297 Pasteurellaceae.g Mannheimia",1
"ASV_0298 Sphingobacteriaceae.g Pedobacter",1
"ASV_0299 Peptostreptococcaceae.g Romboutsia",4
"ASV_0300 Guggenheimella.g NA",1
"ASV_0301 Pseudomonadaceae.g Thiopseudomonas",7
"ASV_0302 Dysgonomonadaceae.g NA",1
"ASV_0303 Spirosomaceae.g Dyadobacter",1
"ASV_0304 Staphylococcaceae.g Staphylococcus",1
"ASV_0305 Family XI.g W5053",4
"ASV_0306 p-2534-18B5 gut group.g NA",11
"ASV_0307 Staphylococcaceae.g NA",1
"ASV_0308 Pseudomonadaceae.g Pseudomonas",12
"ASV_0309 Spirosomaceae.g Dyadobacter",1
"ASV_0310 Sphingobacteriaceae.g Sphingobacterium",1
"ASV_0311 Devosiaceae.g Devosia",1
"ASV_0312 Acetobacteraceae.g Roseomonas",1
"ASV_0313 Staphylococcaceae.g Aliicoccus",4
"ASV_0314 Moraxellaceae.g Acinetobacter",1
"ASV_0315 Flavobacteriaceae.g Flavobacterium",1
"ASV_0316 Micrococcaceae.g Micrococcus",1
"ASV_0317 Pseudomonadaceae.g Pseudomonas",1
"ASV_0318 Aerococcaceae.g NA",1
"ASV_0319 Flavobacteriaceae.g Flavobacterium",12
"ASV_0320 Oxalobacteraceae.g Duganella",1
"ASV_0321 Xanthobacteraceae.g Bradyrhizobium",1
"ASV_0322 Pseudomonadaceae.g Pseudomonas",1
"ASV_0323 Arcobacteraceae.g Arcobacter",7
"ASV_0324 Micrococcaceae.g Glutamicibacter",1
"ASV_0325 Oxalobacteraceae.g Massilia",1
"ASV_0326 Sanguibacteraceae.g SanguibacterFlavimobilis",1
"ASV_0327 Family XI.g Peptoniphilus",5
"ASV_0328 Rhodobacteraceae.g NA",1
"ASV_0329 Xanthomonadaceae.g Luteimonas",1
"ASV_0330 Xanthomonadaceae.g Stenotrophomonas",7
"ASV_0331 Promicromonosporaceae.g Promicromonospora",1
"ASV_0332 Alteromonadaceae.g Alishewanella",14
"ASV_0333 Carnobacteriaceae.g Jeotgalibaca",7
"ASV_0334 Fusobacteriaceae.g Fusobacterium",5
"ASV_0335 Moraxellaceae.g Acinetobacter",1
"ASV_0336 Solirubrobacteraceae.g Patulibacter",1
"ASV_0337 Erysipelotrichaceae.g Turicibacter",7
"ASV_0338 Family XI.g Helcococcus",5
"ASV_0339 Xanthomonadaceae.g NA",4
"ASV_0340 Staphylococcaceae.g Jeotgalicoccus",7
"ASV_0341 Sphingomonadaceae.g Sphingomonas",4
"ASV_0342 Streptococcaceae.g Streptococcus",1
"ASV_0343 Clostridiaceae.g Clostridium sensu stricto 1",4
"ASV_0344 Planococcaceae.g Planomicrobium",1
"ASV_0345 Weeksellaceae.g Chryseobacterium",1
"ASV_0346 Sphingobacteriaceae.g Pedobacter",1
"ASV_0347 NA.g NA",7
"ASV_0348 Alteromonadaceae.g Alishewanella",1
"ASV_0349 Fusobacteriaceae.g Fusobacterium",5
"ASV_0350 Micrococcaceae.g NA",1
"ASV_0351 Enterococcaceae.g Tetragenococcus",7
"ASV_0352 Sphingobacteriaceae.g Pedobacter",14
"ASV_0353 Rikenellaceae.g Alistipes",4
"ASV_0354 Weeksellaceae.g Bergeyella",1
"ASV_0355 Pseudomonadaceae.g Pseudomonas",1
"ASV_0356 Micrococcaceae.g Enteractinococcus",1
"ASV_0357 Microbacteriaceae.g Clavibacter",1
"ASV_0358 Paenibacillaceae.g Paenibacillus",4
"ASV_0359 Lachnospiraceae.g Lachnospiraceae AC2044 group",4
"ASV_0360 Family XI.g W5053",7
"ASV_0361 Erysipelotrichaceae.g Turicibacter",4
"ASV_0362 NA.g NA",7
"ASV_0363 Carnobacteriaceae.g Alloiococcus",1
"ASV_0364 Pseudomonadaceae.g Pseudomonas",1
"ASV_0365 Aerococcaceae.g Facklamia",7
"ASV_0366 Family XI.g Tissierella",7
"ASV_0367 Weeksellaceae.g Bergeyella",1
"ASV_0368 Pseudomonadaceae.g Pseudomonas",14
"ASV_0369 Sphingobacteriaceae.g Pedobacter",1
"ASV_0370 Dysgonomonadaceae.g Proteiniphilum",1
"ASV_0371 Nocardiaceae.g Nocardia",1
"ASV_0372 Oscillospiraceae.g UCG005",1
"ASV_0373 Microbacteriaceae.g Frondihabitans",1
"ASV_0374 Sphingobacteriaceae.g Sphingobacterium",12
"ASV_0375 Chitinophagaceae.g Sediminibacterium",1
"ASV_0376 Aerococcaceae.g Facklamia",1
"ASV_0377 Sphingobacteriaceae.g Pedobacter",1
"ASV_0378 Peptostreptococcaceae.g Paeniclostridium",1
"ASV_0379 Rhizobiaceae.g Brucella",1
"ASV_0380 Pasteurellaceae.g Mannheimia",1
"ASV_0381 Chitinophagaceae.g Taibaiella",7
"ASV_0382 Erysipelotrichaceae.g Erysipelothrix",7
"ASV_0383 Lachnospiraceae.g Lachnospiraceae NK3A20 group",4
"ASV_0384 Dysgonomonadaceae.g Proteiniphilum",7
"ASV_0385 Pseudomonadaceae.g Thiopseudomonas",1
"ASV_0386 Xanthomonadaceae.g NA",1
"ASV_0387 Rhizobiaceae.g Corticibacterium",1
"ASV_0388 Sphingomonadaceae.g Novosphingobium",1
"ASV_0389 Caulobacteraceae.g Brevundimonas",14
"ASV_0390 Sphingobacteriaceae.g Pedobacter",1
"ASV_0391 Weeksellaceae.g Chryseobacterium",1
"ASV_0392 Pasteurellaceae.g Mannheimia",4
"ASV_0393 Devosiaceae.g Devosia",1
"ASV_0394 Oscillospiraceae.g UCG005",1
"ASV_0395 Chitinophagaceae.g Filobacterium",1
"ASV_0396 Staphylococcaceae.g Aliicoccus",1
"ASV_0397 Aerococcaceae.g Facklamia",1
"ASV_0398 Microbacteriaceae.g NA",1
"ASV_0399 Flavobacteriaceae.g Flavobacterium",14
"ASV_0400 Weeksellaceae.g NA",14
"ASV_0401 Anaerovoracaceae.g Mogibacterium",4
"ASV_0402 env.OPS 17.g NA",1
"ASV_0403 Devosiaceae.g Devosia",1
"ASV_0404 Microbacteriaceae.g Pseudoclavibacter",7
"ASV_0405 Weeksellaceae.g Bergeyella",12
"ASV_0406 Dysgonomonadaceae.g Fermentimonas",7
"ASV_0407 Christensenellaceae.g Christensenellaceae R7 group",4
"ASV_0408 Saccharospirillaceae.g Oceanobacter",7
"ASV_0409 Comamonadaceae.g Hydrogenophaga",1
"ASV_0410 Family XI.g Helcococcus",1
"ASV_0411 Bacteroidaceae.g Bacteroides",4
"ASV_0412 Pseudomonadaceae.g Pseudomonas",1
"ASV_0413 Mitochondria.g NA",1
"ASV_0414 Moraxellaceae.g Moraxella",5
"ASV_0415 Alcaligenaceae.g Oligella",1
"ASV_0416 Intrasporangiaceae.g Ornithinimicrobium",7
"ASV_0417 Micrococcaceae.g Paeniglutamicibacter",1
"ASV_0418 Sphingobacteriaceae.g Pedobacter",1
"ASV_0419 Weeksellaceae.g NA",14
"ASV_0420 Lachnospiraceae.g Lachnospiraceae NK3A20 group",1
"ASV_0421 Micrococcaceae.g Kocuria",7
"ASV_0422 Bacteroidaceae.g Bacteroides",1
"ASV_0423 Sphingomonadaceae.g Sphingopyxis",12
"ASV_0424 Staphylococcaceae.g Staphylococcus",1
"ASV_0425 Pseudomonadaceae.g Pseudomonas",1
"ASV_0426 Sphingomonadaceae.g Sphingomonas",1
"ASV_0427 Brevibacteriaceae.g Brevibacterium",1
"ASV_0428 67-14.g NA",4
"ASV_0429 Peptostreptococcaceae.g Romboutsia",1
"ASV_0430 Bogoriellaceae.g Georgenia",7
"ASV_0431 UCG-010.g NA",7
"ASV_0432 Sphingobacteriaceae.g Pedobacter",1
"ASV_0433 Moraxellaceae.g Acinetobacter",7
"ASV_0434 Caulobacteraceae.g Brevundimonas",1
"ASV_0435 Brevibacteriaceae.g Brevibacterium",7
"ASV_0436 Micrococcaceae.g Enteractinococcus",7
"ASV_0437 Comamonadaceae.g Alicycliphilus",1
"ASV_0438 Beijerinckiaceae.g MethylobacteriumMethylorubrum",1
"ASV_0439 Acholeplasmataceae.g Acholeplasma",1
"ASV_0440 Oxalobacteraceae.g Undibacterium",4
"ASV_0441 Halomonadaceae.g Halomonas",4
"ASV_0442 Brevibacteriaceae.g Brevibacterium",1
"ASV_0443 Planococcaceae.g Chryseomicrobium",7
"ASV_0444 Fimbriimonadaceae.g NA",1
"ASV_0445 Microbacteriaceae.g Parafrigoribacterium",1
"ASV_0446 Hymenobacteraceae.g Hymenobacter",1
"ASV_0447 Xanthomonadaceae.g Luteimonas",12
"ASV_0448 Sphingomonadaceae.g Sphingomonas",1
"ASV_0449 Lachnospiraceae.g Lachnospiraceae NK3A20 group",1
"ASV_0450 Rhodocyclaceae.g Thauera",1
"ASV_0451 Family XI.g W5053",1
"ASV_0452 NA.g NA",1
"ASV_0453 Nocardioidaceae.g Aeromicrobium",1
"ASV_0454 Xanthobacteraceae.g NA",1
"ASV_0455 Enterococcaceae.g Tetragenococcus",1
"ASV_0456 Planococcaceae.g Chryseomicrobium",7
"ASV_0457 Actinomycetaceae.g NA",4
"ASV_0458 Family XI.g W5053",1
"ASV_0459 Acholeplasmataceae.g Acholeplasma",7
"ASV_0460 Rhodobacteraceae.g Rhodobacter",1
"ASV_0461 Devosiaceae.g Devosia",1
"ASV_0462 Peptostreptococcaceae.g Romboutsia",1
"ASV_0463 Hungateiclostridiaceae.g Fastidiosipila",1
"ASV_0464 Staphylococcaceae.g NA",1
"ASV_0465 Planococcaceae.g Planomicrobium",1
"ASV_0466 Rhodobacteraceae.g Gemmobacter",1
"ASV_0467 Moraxellaceae.g Acinetobacter",1
"ASV_0468 Lachnospiraceae.g Lachnospiraceae NK3A20 group",7
"ASV_0469 Anaerovoracaceae.g Family XIII AD3011 group",1
"ASV_0470 Carnobacteriaceae.g Atopostipes",1
"ASV_0471 Prevotellaceae.g Prevotellaceae UCG003",1
"ASV_0472 Cellvibrionaceae.g Cellvibrio",1
"ASV_0473 Alcaligenaceae.g Parapusillimonas",7
"ASV_0474 Caulobacteraceae.g Caulobacter",1
"ASV_0475 NA.g NA",7
"ASV_0476 Bacteroidaceae.g Bacteroides",1
"ASV_0477 Family XI.g Gallicola",1
"ASV_0478 [Eubacterium] coprostanoligenes group.g NA",7
"ASV_0479 Alteromonadaceae.g Rheinheimera",1
"ASV_0480 Brevibacteriaceae.g Brevibacterium",1
"ASV_0481 Pseudomonadaceae.g Pseudomonas",14
"ASV_0482 Cellvibrionaceae.g NA",4
"ASV_0483 Comamonadaceae.g Acidovorax",1
"ASV_0484 Corynebacteriaceae.g Lawsonella",1
"ASV_0485 Staphylococcaceae.g Jeotgalicoccus",7
"ASV_0486 Caulobacteraceae.g Caulobacter",1
"ASV_0487 Porphyromonadaceae.g Porphyromonas",1
"ASV_0488 Weeksellaceae.g Chryseobacterium",1
"ASV_0489 Comamonadaceae.g Acidovorax",1
"ASV_0490 Pseudomonadaceae.g Pseudomonas",1
"ASV_0491 Sphingomonadaceae.g Sphingomonas",1
"ASV_0492 Sphingobacteriaceae.g Pedobacter",1
"ASV_0493 Guggenheimella.g NA",1
"ASV_0494 Carnobacteriaceae.g Jeotgalibaca",7
"ASV_0495 Pseudomonadaceae.g Thiopseudomonas",7
"ASV_0496 UCG-010.g NA",4
"ASV_0497 Enterobacteriaceae.g NA",4
"ASV_0498 Bacteroidaceae.g Bacteroides",7
"ASV_0499 Alcaligenaceae.g Pusillimonas",7
"ASV_0500 UCG-010.g NA",7
"ASV_0501 Bacillaceae.g Geobacillus",1
"ASV_0502 Xanthomonadaceae.g Stenotrophomonas",12
"ASV_0503 [Eubacterium] coprostanoligenes group.g NA",1
"ASV_0504 Sphingomonadaceae.g Sphingomonas",1
"ASV_0505 Hungateiclostridiaceae.g Fastidiosipila",7
"ASV_0506 Moraxellaceae.g Acinetobacter",7
"ASV_0507 Crocinitomicaceae.g Fluviicola",1
"ASV_0508 Sphingobacteriaceae.g Sphingobacterium",1
"ASV_0509 Pasteurellaceae.g Mannheimia",1
"ASV_0510 Sphingomonadaceae.g Sphingopyxis",1
"ASV_0511 Alcaligenaceae.g Oligella",1
"ASV_0512 Peptostreptococcaceae.g Romboutsia",1
"ASV_0513 Carnobacteriaceae.g Jeotgalibaca",1
"ASV_0514 Comamonadaceae.g NA",1
"ASV_0515 [Eubacterium] coprostanoligenes group.g NA",1
"ASV_0516 NA.g NA",1
"ASV_0517 Acholeplasmataceae.g Acholeplasma",4
"ASV_0518 Lachnospiraceae.g Lachnospiraceae UCG008",4
"ASV_0519 Christensenellaceae.g Christensenellaceae R7 group",4
"ASV_0520 Rhizobiaceae.g AllorhizobiumNeorhizobiumPararhizobiumRhizobium",4
"ASV_0521 Christensenellaceae.g Christensenellaceae R7 group",1
"ASV_0522 Rhodobacteraceae.g Paracoccus",1
"ASV_0523 Micrococcaceae.g Micrococcus",1
"ASV_0524 Alcaligenaceae.g Oligella",7
"ASV_0525 Dysgonomonadaceae.g Petrimonas",1
"ASV_0526 Family XI.g Tissierella",1
"ASV_0527 Peptostreptococcaceae.g Paeniclostridium",1
"ASV_0528 Micrococcaceae.g NA",1
"ASV_0529 Caulobacteraceae.g Caulobacter",1
"ASV_0530 Microbacteriaceae.g NA",1
"ASV_0531 Bacteroidaceae.g Bacteroides",4
"ASV_0532 Moraxellaceae.g Acinetobacter",1
"ASV_0533 Micrococcaceae.g Yaniella",1
"ASV_0534 Prevotellaceae.g Prevotella_9",1
"ASV_0535 Alteromonadaceae.g Rheinheimera",1
"ASV_0536 NA.g NA",1
"ASV_0537 Micrococcaceae.g Yaniella",1
"ASV_0538 Erysipelatoclostridiaceae.g Candidatus Stoquefichus",4
"ASV_0539 Oscillospiraceae.g UCG005",1
"ASV_0540 Microbacteriaceae.g Microbacterium",1
"ASV_0541 Christensenellaceae.g Christensenellaceae R7 group",7
"ASV_0542 Erysipelotrichaceae.g Solobacterium",7
"ASV_0543 Streptomycetaceae.g Streptomyces",1
"ASV_0544 Streptococcaceae.g Streptococcus",1
"ASV_0545 Devosiaceae.g Devosia",1
"ASV_0546 Streptococcaceae.g Lactococcus",1
"ASV_0547 Xanthomonadaceae.g Stenotrophomonas",1
"ASV_0548 Gottschalkia.g NA",4
"ASV_0549 Pseudomonadaceae.g Thiopseudomonas",1
"ASV_0550 NA.g NA",1
"ASV_0551 Pseudomonadaceae.g Thiopseudomonas",1
"ASV_0552 Anaerovoracaceae.g Family XIII AD3011 group",7
"ASV_0553 Nocardioidaceae.g Nocardioides",1
"ASV_0554 Caulobacteraceae.g Brevundimonas",1
"ASV_0555 Acholeplasmataceae.g Acholeplasma",1
"ASV_0556 Rhodobacteraceae.g NA",1
"ASV_0557 Mitochondria.g NA",1
"ASV_0558 Planococcaceae.g Lysinibacillus",1
"ASV_0559 Family XI.g Tissierella",4
"ASV_0560 Corynebacteriaceae.g Corynebacterium",4
"ASV_0561 Halomonadaceae.g Marinospirillum",7
"ASV_0562 Prevotellaceae.g Prevotellaceae UCG004",7
"ASV_0563 UCG-010.g NA",7
"ASV_0564 Brevibacteriaceae.g Brevibacterium",7
"ASV_0565 Monoglobaceae.g Monoglobus",1
"ASV_0566 NA.g NA",1
"ASV_0567 Microbacteriaceae.g NA",1
"ASV_0568 Devosiaceae.g Devosia",1
"ASV_0569 Caulobacteraceae.g Brevundimonas",1
"ASV_0570 Pseudomonadaceae.g Thiopseudomonas",1
"ASV_0571 Streptococcaceae.g Streptococcus",1
"ASV_0572 Beijerinckiaceae.g MethylobacteriumMethylorubrum",1
"ASV_0573 Enterobacteriaceae.g EscherichiaShigella",1
"ASV_0574 Christensenellaceae.g Christensenellaceae R7 group",4
"ASV_0575 Aerococcaceae.g Aerosphaera",1
"ASV_0576 Oscillospiraceae.g NK4A214 group",1
"ASV_0577 Acholeplasmataceae.g Acholeplasma",1
"ASV_0578 NA.g NA",1
"ASV_0579 Family XI.g W5053",1
"ASV_0580 Weeksellaceae.g Chryseobacterium",7
"ASV_0581 Caldicellulosiraptoraceae.g Caldicellulosiruptor",7
"ASV_0582 Pseudomonadaceae.g Thiopseudomonas",7
"ASV_0583 Brevibacteriaceae.g Brevibacterium",7
"ASV_0584 Rhodobacteraceae.g Paracoccus",1
"ASV_0585 Xanthomonadaceae.g NA",1
"ASV_0586 NA.g NA",1
"ASV_0587 Oscillospiraceae.g NK4A214 group",1
"ASV_0588 Devosiaceae.g Devosia",1
"ASV_0589 NA.g NA",1
"ASV_0590 Flavobacteriaceae.g Flavobacterium",1
"ASV_0591 Staphylococcaceae.g Jeotgalicoccus",1
"ASV_0592 Mitochondria.g NA",7
"ASV_0593 Peptostreptococcaceae.g NA",1
"ASV_0594 Aerococcaceae.g Facklamia",1
"ASV_0595 UCG-010.g NA",4
"ASV_0596 Rikenellaceae.g Rikenellaceae RC9 gut group",4
"ASV_0597 Devosiaceae.g Devosia",1
"ASV_0598 NA.g NA",1
"ASV_0599 Lactobacillaceae.g Lactobacillus",1
"ASV_0600 Oscillospiraceae.g UCG002",7
"ASV_0601 Family XI.g Helcococcus",7
"ASV_0602 Erysipelotrichaceae.g Turicibacter",7
"ASV_0603 Caulobacteraceae.g Caulobacter",7
"ASV_0604 Microbacteriaceae.g Parafrigoribacterium",1
"ASV_0605 Caulobacteraceae.g Brevundimonas",1
"ASV_0606 Family XI.g W5053",1
"ASV_0607 Moraxellaceae.g Acinetobacter",1
"ASV_0608 Lachnospiraceae.g Anaerostipes",1
"ASV_0609 Staphylococcaceae.g Jeotgalicoccus",1
"ASV_0610 Sphingobacteriaceae.g Pseudopedobacter",1
"ASV_0611 Comamonadaceae.g NA",1
"ASV_0612 Sphingobacteriaceae.g Sphingobacterium",1
"ASV_0613 Sphingobacteriaceae.g Arcticibacter",1
"ASV_0614 Acholeplasmataceae.g Acholeplasma",1
"ASV_0615 Staphylococcaceae.g NA",1
"ASV_0616 Weeksellaceae.g Chryseobacterium",1
"ASV_0617 NA.g NA",1
"ASV_0618 Erysipelotrichaceae.g Erysipelothrix",1
"ASV_0619 Microbacteriaceae.g NA",1
"ASV_0620 Rikenellaceae.g Rikenellaceae RC9 gut group",1
"ASV_0621 Hungateiclostridiaceae.g NA",7
"ASV_0622 Microbacteriaceae.g NA",7
"ASV_0623 Nocardioidaceae.g NA",7
"ASV_0624 Weeksellaceae.g Chryseobacterium",1
"ASV_0625 Sporomusaceae.g Sporomusa",1
"ASV_0626 Weeksellaceae.g Weeksella",1
"ASV_0627 [Eubacterium] coprostanoligenes group.g NA",1
"ASV_0628 Rikenellaceae.g Rikenellaceae RC9 gut group",1
"ASV_0629 Paludibacteraceae.g NA",7
"ASV_0630 Erysipelotrichaceae.g Erysipelothrix",1
"ASV_0631 Ruminococcaceae.g NA",7
"ASV_0632 Comamonadaceae.g Paucibacter",7
"ASV_0633 Legionellaceae.g Legionella",1
"ASV_0634 Ruminococcaceae.g Subdoligranulum",1
"ASV_0635 Sandaracinaceae.g Sandaracinus",1
"ASV_0636 Geminicoccaceae.g Candidatus Alysiosphaera",1
"ASV_0637 Christensenellaceae.g Christensenellaceae R7 group",1
"ASV_0638 Arcobacteraceae.g Arcobacter",1
"ASV_0639 Caulobacteraceae.g Brevundimonas",1
"ASV_0640 Leptotrichiaceae.g Leptotrichia",1
"ASV_0641 Moraxellaceae.g Acinetobacter",1
"ASV_0642 Ruminococcaceae.g Ruminococcus",1
"ASV_0643 Rhizobiaceae.g Aureimonas",1
"ASV_0644 Desulfovibrionaceae.g Mailhella",1
"ASV_0645 NA.g NA",1
"ASV_0646 Lachnospiraceae.g NA",1
"ASV_0647 Streptococcaceae.g Streptococcus",1
"ASV_0648 Xanthomonadaceae.g Luteimonas",1
"ASV_0649 Micrococcaceae.g Micrococcus",1
"ASV_0650 Staphylococcaceae.g Staphylococcus",1
"ASV_0651 Aerococcaceae.g Aerosphaera",1
"ASV_0652 Cellvibrionaceae.g Cellvibrio",4
"ASV_0653 Rikenellaceae.g Rikenellaceae RC9 gut group",1
"ASV_0654 Beijerinckiaceae.g MethylobacteriumMethylorubrum",4
"ASV_0655 Bacteroidales RF16 group.g NA",4
"ASV_0656 Yersiniaceae.g Serratia",1
"ASV_0657 Dysgonomonadaceae.g Proteiniphilum",7
"ASV_0658 Rhodocyclaceae.g Thauera",7
"ASV_0659 Methylococcaceae.g Methylococcus",1
"ASV_0660 Devosiaceae.g NA",1
"ASV_0661 NA.g NA",1
"ASV_0662 Burkholderiaceae.g Cupriavidus",1
"ASV_0663 Mitochondria.g NA",1
"ASV_0664 Pseudomonadaceae.g Pseudomonas",1
"ASV_0665 Pseudomonadaceae.g Pseudomonas",1
"ASV_0666 Bacteroidaceae.g Bacteroides",1
"ASV_0667 Sphingomonadaceae.g Sphingopyxis",1
"ASV_0668 Devosiaceae.g Devosia",1
"ASV_0669 Lachnospiraceae.g NA",1
"ASV_0670 Halomonadaceae.g Halomonas",1
"ASV_0671 NA.g NA",1
"ASV_0672 Pasteurellaceae.g NA",1
"ASV_0673 Dietziaceae.g Dietzia",1
"ASV_0674 Christensenellaceae.g Christensenellaceae R7 group",1
"ASV_0675 Monoglobaceae.g Monoglobus",1
"ASV_0676 Ruminococcaceae.g Candidatus Soleaferrea",1
"ASV_0677 NA.g NA",1
"ASV_0678 Christensenellaceae.g Christensenellaceae R7 group",1
"ASV_0679 NA.g NA",1
"ASV_0680 Hungateiclostridiaceae.g Fastidiosipila",1
"ASV_0681 UCG-010.g NA",1
"ASV_0682 NA.g NA",1
"ASV_0683 Sphingobacteriaceae.g Pedobacter",1
"ASV_0684 Streptococcaceae.g Streptococcus",7
"ASV_0685 Clostridiaceae.g Proteiniclasticum",7
"ASV_0686 Propionibacteriaceae.g Tessaracoccus",7
"ASV_0687 Micrococcaceae.g NA",7
"ASV_0688 Staphylococcaceae.g NA",7
"ASV_0689 Bacteroidaceae.g Bacteroides",1
"ASV_0690 Sphingomonadaceae.g NA",1
"ASV_0691 Oscillospiraceae.g NA",1
"ASV_0692 Rhodobacteraceae.g Defluviimonas",1
"ASV_0693 Chitinophagaceae.g Segetibacter",1
"ASV_0694 Christensenellaceae.g Christensenellaceae R7 group",1
"ASV_0695 Rhizobiaceae.g Bartonella",1
"ASV_0696 Sphingobacteriaceae.g Pedobacter",1
"ASV_0697 Chitinophagaceae.g Haoranjiania",1
"ASV_0698 [Eubacterium] coprostanoligenes group.g NA",1
"ASV_0699 NA.g NA",1
"ASV_0700 Staphylococcaceae.g NA",1
"ASV_0701 Acetobacteraceae.g Rhodovastum",1
"ASV_0702 Paracaedibacteraceae.g NA",1
"ASV_0703 Mycoplasmataceae.g Mycoplasma",1
"ASV_0704 Myxococcaceae.g P3OB42",1
"ASV_0705 [Eubacterium] coprostanoligenes group.g NA",1
"ASV_0706 Planococcaceae.g Lysinibacillus",1
"ASV_0707 Lachnospiraceae.g NA",1
"ASV_0708 Erysipelotrichaceae.g Erysipelothrix",1
"ASV_0709 Prevotellaceae.g Alloprevotella",7
"ASV_0710 Peptococcaceae.g NA",7
"ASV_0711 NA.g NA",1
"ASV_0712 Sphingomonadaceae.g Sphingobium",1
"ASV_0713 Phycisphaeraceae.g SM1A02",1
"ASV_0714 Ruminococcaceae.g Candidatus Soleaferrea",1
"ASV_0715 Ruminococcaceae.g NA",1
"ASV_0716 Ruminococcaceae.g NA",1
"ASV_0717 Obscuribacteraceae.g NA",1
"ASV_0718 Lachnospiraceae.g Agathobacter",1
"ASV_0719 Christensenellaceae.g Christensenellaceae R7 group",1
"ASV_0720 Family XI.g Helcococcus",7
"ASV_0721 Lachnospiraceae.g Roseburia",7
"ASV_0722 Bifidobacteriaceae.g NA",7
"ASV_0723 Family XI.g W5053",7
"ASV_0724 Lachnospiraceae.g Roseburia",1
"ASV_0725 UCG-010.g NA",1
"ASV_0726 Flavobacteriaceae.g Capnocytophaga",1
"ASV_0727 Chitinophagaceae.g NA",1
"ASV_0728 Muribaculaceae.g NA",1
"ASV_0729 Planococcaceae.g NA",1
"ASV_0730 Microbacteriaceae.g Leucobacter",1
"ASV_0731 Oscillospiraceae.g NK4A214 group",1
"ASV_0732 Ruminococcaceae.g Incertae Sedis",1
"ASV_0733 Micrococcaceae.g Paeniglutamicibacter",1
"ASV_0734 [Eubacterium] coprostanoligenes group.g NA",1
"ASV_0735 UCG-010.g NA",1
"ASV_0736 Orbaceae.g Gilliamella",1
"ASV_0737 Polyangiaceae.g Pajaroellobacter",1
"ASV_0738 Dysgonomonadaceae.g Fermentimonas",1
"ASV_0739 Desulfovibrionaceae.g Mailhella",1
"ASV_0740 Rhodobacteraceae.g Paracoccus",1
"ASV_0741 Akkermansiaceae.g Akkermansia",1
"ASV_0742 Aerococcaceae.g Aerococcus",1
"ASV_0743 Rikenellaceae.g Alistipes",1
"ASV_0744 Micrococcaceae.g Yaniella",1
"ASV_0745 UCG-010.g NA",1
"ASV_0746 Comamonadaceae.g Comamonas",1
"ASV_0747 Carnobacteriaceae.g Atopostipes",1
"ASV_0748 Bacillaceae.g Oceanobacillus",7
"ASV_0749 Christensenellaceae.g Christensenellaceae R7 group",7
"ASV_0750 Rikenellaceae.g Alistipes",7
"ASV_0751 Lachnospiraceae.g Dorea",7
"ASV_0752 Comamonadaceae.g Inhella",7
"ASV_0753 Beijerinckiaceae.g Bosea",1
"ASV_0754 Family III.g Thermoanaerobacterium",1
"ASV_0755 Anaerovoracaceae.g Family XIII AD3011 group",1
"ASV_0756 Atopobiaceae.g Atopobium",1
"ASV_0757 Paenibacillaceae.g Paenibacillus",1
"ASV_0758 Porphyromonadaceae.g Porphyromonas",1
"ASV_0759 Prevotellaceae.g Prevotellaceae UCG003",1
"ASV_0760 Planococcaceae.g Chryseomicrobium",1
"ASV_0761 Actinomycetaceae.g Actinomyces",1
"ASV_0762 Moraxellaceae.g Moraxella",1
"ASV_0763 Comamonadaceae.g NA",1
"ASV_0764 env.OPS 17.g NA",1
"ASV_0765 Xanthomonadaceae.g Arenimonas",1
"ASV_0766 Devosiaceae.g Devosia",1
"ASV_0767 Oscillospiraceae.g UCG005",1
"ASV_0768 Microbacteriaceae.g Galbitalea",1
"ASV_0769 Devosiaceae.g Devosia",1
"ASV_0770 NA.g NA",1
"ASV_0771 Streptococcaceae.g Streptococcus",1
"ASV_0772 Oscillospiraceae.g UCG005",1
"ASV_0773 Flavobacteriaceae.g NA",1
"ASV_0774 Clostridiaceae.g Proteiniclasticum",1
"ASV_0775 Neisseriaceae.g Alysiella",1
"ASV_0776 Weeksellaceae.g Bergeyella",1
"ASV_0777 Beijerinckiaceae.g MethylobacteriumMethylorubrum",1
"ASV_0778 NA.g NA",4
"ASV_0779 Pseudomonadaceae.g Pseudomonas",1
"ASV_0780 Rikenellaceae.g Rikenellaceae RC9 gut group",1
"ASV_0781 Mitochondria.g NA",1
"ASV_0782 Staphylococcaceae.g Jeotgalicoccus",1
"ASV_0783 Family XI.g Helcococcus",1
"ASV_0784 Pseudomonadaceae.g Thiopseudomonas",1
"ASV_0785 Muribaculaceae.g NA",1
"ASV_0786 Bacteroidaceae.g Bacteroides",1
"ASV_0787 NA.g NA",1
"ASV_0788 vadinBE97.g NA",1
"ASV_0789 Butyricicoccaceae.g UCG009",1
"ASV_0790 Christensenellaceae.g Christensenellaceae R7 group",1
"ASV_0791 Family XI.g Helcococcus",1
"ASV_0792 Rhodobacteraceae.g Paracoccus",7
"ASV_0793 Micrococcaceae.g Yaniella",7
"ASV_0794 Hungateiclostridiaceae.g Fastidiosipila",7
"ASV_0795 Erysipelotrichaceae.g Solobacterium",7
"ASV_0796 Christensenellaceae.g Christensenellaceae R7 group",7
"ASV_0797 Dysgonomonadaceae.g Fermentimonas",7
"ASV_0798 Rhodobacteraceae.g NA",1
"ASV_0799 Microscillaceae.g NA",1
"ASV_0800 Pseudomonadaceae.g Pseudomonas",1
"ASV_0801 Rhodocyclaceae.g Methyloversatilis",1
"ASV_0802 Family XI.g Tissierella",1
"ASV_0803 Alcaligenaceae.g Paenalcaligenes",1
"ASV_0804 Williamwhitmaniaceae.g Acetobacteroides",1
"ASV_0805 Sphingomonadaceae.g Sphingomonas",1
"ASV_0806 Lachnospiraceae.g NA",1
"ASV_0807 Family XI.g Helcococcus",1
"ASV_0808 UCG-010.g NA",1
"ASV_0809 Intrasporangiaceae.g Ornithinimicrobium",1
"ASV_0810 Alcaligenaceae.g Parapusillimonas",1
"ASV_0811 Prevotellaceae.g Prevotella_9",1
"ASV_0812 NA.g NA",1
"ASV_0813 [Eubacterium] coprostanoligenes group.g NA",1
"ASV_0814 Pseudomonadaceae.g Pseudomonas",1
"ASV_0815 Bacteroidaceae.g Bacteroides",1
"ASV_0816 Comamonadaceae.g NA",1
"ASV_0817 Flavobacteriaceae.g Flavobacterium",1
"ASV_0818 Moraxellaceae.g Psychrobacter",1
"ASV_0819 Bacteroidaceae.g Bacteroides",1
"ASV_0820 Salinisphaeraceae.g Salinisphaera",1
"ASV_0821 Aerococcaceae.g Facklamia",1
"ASV_0822 Ruminococcaceae.g Ruminococcus",1
"ASV_0823 Family XI.g Helcococcus",1
"ASV_0824 Lachnospiraceae.g FD2005",1
"ASV_0825 Rikenellaceae.g Rikenellaceae RC9 gut group",1
"ASV_0826 Rhodobacteraceae.g Gemmobacter",1
"ASV_0827 Bacteroidaceae.g Bacteroides",1
"ASV_0828 Paludibacteraceae.g Paludibacter",1
"ASV_0829 Campylobacteraceae.g Campylobacter",4
"ASV_0830 Chthoniobacteraceae.g LD29",1
"ASV_0831 NA.g NA",1
"ASV_0832 Acholeplasmataceae.g Acholeplasma",1
"ASV_0833 NA.g NA",7
"ASV_0834 Mycoplasmataceae.g Candidatus Bacilloplasma",1
"ASV_0835 Oscillospiraceae.g NK4A214 group",1
"ASV_0836 Flavobacteriaceae.g Flavobacterium",1
"ASV_0837 Christensenellaceae.g Christensenellaceae R7 group",1
"ASV_0838 Hungateiclostridiaceae.g Fastidiosipila",1
"ASV_0839 Devosiaceae.g NA",1
"ASV_0840 Aerococcaceae.g Facklamia",1
"ASV_0841 Erysipelotrichaceae.g Erysipelothrix",1
"ASV_0842 [Eubacterium] coprostanoligenes group.g NA",1
"ASV_0843 Chitinophagaceae.g Sediminibacterium",1
"ASV_0844 Bifidobacteriaceae.g Bifidobacterium",1
"ASV_0845 Dysgonomonadaceae.g Fermentimonas",1
"ASV_0846 Rikenellaceae.g Alistipes",1
"ASV_0847 Lachnospiraceae.g Lachnospiraceae NK3A20 group",1
"ASV_0848 Anaerovoracaceae.g Mogibacterium",7
"ASV_0849 Planococcaceae.g Domibacillus",7
"ASV_0850 UCG-010.g NA",7
"ASV_0851 Hymenobacteraceae.g Hymenobacter",7
"ASV_0852 NA.g NA",1
"ASV_0853 Bacteroidaceae.g Bacteroides",1
"ASV_0854 JG30-KF-CM45.g NA",1
"ASV_0855 Mycoplasmataceae.g Mycoplasma",1
"ASV_0856 Lachnospiraceae.g [Ruminococcus] torques group",1
"ASV_0857 Pseudonocardiaceae.g Amycolatopsis",1
"ASV_0858 Intrasporangiaceae.g Tetrasphaera",1
"ASV_0859 Micrococcaceae.g NA",1
"ASV_0860 [Eubacterium] coprostanoligenes group.g NA",1
"ASV_0861 Rhizobiaceae.g AllorhizobiumNeorhizobiumPararhizobiumRhizobium",1
"ASV_0862 Weeksellaceae.g Moheibacter",1
"ASV_0863 NA.g NA",1
"ASV_0864 Arcobacteraceae.g Arcobacter",1
"ASV_0865 Acholeplasmataceae.g Acholeplasma",1
"ASV_0866 Rikenellaceae.g Rikenellaceae RC9 gut group",1
"ASV_0867 Hungateiclostridiaceae.g Ruminiclostridium",1
"ASV_0868 Oscillospiraceae.g NK4A214 group",1
"ASV_0869 Monoglobaceae.g Monoglobus",1
"ASV_0870 Sphingobacteriaceae.g Pedobacter",1
"ASV_0871 Hungateiclostridiaceae.g Fastidiosipila",1
"ASV_0872 Lachnospiraceae.g Incertae Sedis",1
"ASV_0873 Family XI.g Helcococcus",1
"ASV_0874 Beijerinckiaceae.g MethylobacteriumMethylorubrum",1
"ASV_0875 Rikenellaceae.g Rikenellaceae RC9 gut group",1
"ASV_0876 Christensenellaceae.g Christensenellaceae R7 group",1
"ASV_0877 Neisseriaceae.g Alysiella",1
"ASV_0878 Christensenellaceae.g Christensenellaceae R7 group",1
"ASV_0879 Rhodobacteraceae.g Gemmobacter",1
"ASV_0880 Lachnospiraceae.g NA",1
"ASV_0881 Chitinophagaceae.g Taibaiella",1
"ASV_0882 Clostridiaceae.g Proteiniclasticum",7
"ASV_0883 Carnobacteriaceae.g NA",7
"ASV_0884 Prevotellaceae.g Prevotellaceae UCG004",1
"ASV_0885 Mitochondria.g NA",1
"ASV_0886 [Eubacterium] coprostanoligenes group.g NA",1
"ASV_0887 Marinilabiliaceae.g Alkaliflexus",1
"ASV_0888 JG30-KF-CM45.g NA",1
"ASV_0889 Sporichthyaceae.g hgcI clade",1
"ASV_0890 Lachnospiraceae.g Anaerostipes",1
"ASV_0891 Family XI.g Tissierella",1
"ASV_0892 NA.g NA",1
"ASV_0893 Comamonadaceae.g NA",1
"ASV_0894 Burkholderiaceae.g Ralstonia",1
"ASV_0895 Oscillospiraceae.g UCG005",1
"ASV_0896 Lachnospiraceae.g Incertae Sedis",1
"ASV_0897 Neisseriaceae.g Conchiformibius",1
"ASV_0898 Erysipelotrichaceae.g [Anaerorhabdus] furcosa group",1
"ASV_0899 NA.g NA",1
"ASV_0900 Muribaculaceae.g NA",7
"ASV_0901 Anaerovoracaceae.g Family XIII AD3011 group",7
"ASV_0902 Rhodobacteraceae.g Gemmobacter",1
"ASV_0903 NA.g NA",1
"ASV_0904 Oxalobacteraceae.g Massilia",1
"ASV_0905 Bacteroidaceae.g Bacteroides",1
"ASV_0906 Clostridiaceae.g Clostridium sensu stricto 1",1
"ASV_0907 Lachnospiraceae.g NA",1
"ASV_0908 Corynebacteriaceae.g Corynebacterium",1
"ASV_0909 Mycoplasmataceae.g Mycoplasma",1
"ASV_0910 Sphingobacteriaceae.g Pedobacter",1
"ASV_0911 Alcaligenaceae.g Achromobacter",1
"ASV_0912 Sphingobacteriaceae.g Sphingobacterium",1
"ASV_0913 Muribaculaceae.g NA",1
"ASV_0914 Bifidobacteriaceae.g Bifidobacterium",1
"ASV_0915 Devosiaceae.g Devosia",1
"ASV_0916 NA.g NA",1
"ASV_0917 Microbacteriaceae.g NA",1
"ASV_0918 Oscillospiraceae.g UCG005",1
"ASV_0919 Carnobacteriaceae.g NA",1
"ASV_0920 Neisseriaceae.g NA",1
"ASV_0921 Chitinophagaceae.g NA",1
"ASV_0922 Rhodobacteraceae.g Paracoccus",1
"ASV_0923 Carnobacteriaceae.g NA",1
"ASV_0924 Anaplasmataceae.g Wolbachia",1
"ASV_0925 Micrococcaceae.g Paenarthrobacter",1
"ASV_0926 Lachnospiraceae.g NA",1
"ASV_0927 Devosiaceae.g Devosia",1
"ASV_0928 Weeksellaceae.g Chryseobacterium",1
"ASV_0929 Peptostreptococcaceae.g Romboutsia",1
"ASV_0930 Erysipelotrichaceae.g Turicibacter",1
"ASV_0931 Oscillospiraceae.g UCG005",1
"ASV_0932 Orbaceae.g Gilliamella",1
"ASV_0933 Alcaligenaceae.g NA",1
"ASV_0934 Pseudomonadaceae.g Thiopseudomonas",1
"ASV_0935 UCG-010.g NA",1
"ASV_0936 Halomonadaceae.g Halomonas",1
"ASV_0937 Idiomarinaceae.g Idiomarina",1
"ASV_0938 Oscillospiraceae.g UCG005",1
"ASV_0939 Dermabacteraceae.g Brachybacterium",1
"ASV_0940 Christensenellaceae.g Christensenellaceae R7 group",4
"ASV_0941 Brevibacteriaceae.g Brevibacterium",1
"ASV_0942 Pseudomonadaceae.g Pseudomonas",1
"ASV_0943 [Eubacterium] coprostanoligenes group.g NA",1
"ASV_0944 UCG-010.g NA",1
"ASV_0945 Rikenellaceae.g Alistipes",1
"ASV_0946 Ruminococcaceae.g Faecalibacterium",1
"ASV_0947 Oscillospiraceae.g NK4A214 group",1
"ASV_0948 Carnobacteriaceae.g Lacticigenium",1
"ASV_0949 Microbacteriaceae.g NA",1
"ASV_0950 Moraxellaceae.g NA",1
"ASV_0951 Ruminococcaceae.g Pygmaiobacter",1
"ASV_0952 NA.g NA",1
"ASV_0953 Lachnospiraceae.g Lachnospiraceae NK3A20 group",1
"ASV_0954 Pseudomonadaceae.g Pseudomonas",1
"ASV_0955 Acholeplasmataceae.g Acholeplasma",1
"ASV_0956 Alcaligenaceae.g Paenalcaligenes",1
"ASV_0957 Lachnospiraceae.g [Ruminococcus] torques group",1
"ASV_0958 Beijerinckiaceae.g MethylobacteriumMethylorubrum",1
"ASV_0959 Myxococcaceae.g NA",1
"ASV_0960 Pseudomonadaceae.g Pseudomonas",1
"ASV_0961 Clostridiaceae.g Proteiniclasticum",1
"ASV_0962 NA.g NA",1
"ASV_0963 Monoglobaceae.g Monoglobus",7
"ASV_0964 UCG-010.g NA",7
"ASV_0965 Lachnospiraceae.g NA",7
"ASV_0966 Anaerovoracaceae.g Family XIII AD3011 group",7
"ASV_0967 Christensenellaceae.g Christensenellaceae R7 group",7
"ASV_0968 env.OPS 17.g NA",7
"ASV_0969 Microbacteriaceae.g NA",7
"ASV_0970 Ruminococcaceae.g NA",7
"ASV_0971 NA.g NA",1
"ASV_0972 Oscillospiraceae.g NK4A214 group",1
"ASV_0973 Enterococcaceae.g Tetragenococcus",1
"ASV_0974 Actinomycetaceae.g Trueperella",1
"ASV_0975 Lachnospiraceae.g Lachnospiraceae AC2044 group",1
"ASV_0976 Mitochondria.g NA",1
"ASV_0977 Planococcaceae.g NA",1
"ASV_0978 Akkermansiaceae.g Akkermansia",1
"ASV_0979 Sphingobacteriaceae.g Pedobacter",1
"ASV_0980 Rhizobiaceae.g Aminobacter",1
"ASV_0981 Rikenellaceae.g Rikenellaceae RC9 gut group",1
"ASV_0982 Pseudomonadaceae.g Pseudomonas",1
"ASV_0983 NA.g NA",1
"ASV_0984 Sphingobacteriaceae.g Sphingobacterium",1
"ASV_0985 Xanthomonadaceae.g Thermomonas",1
"ASV_0986 Caulobacteraceae.g Brevundimonas",1
"ASV_0987 Flavobacteriaceae.g Flavobacterium",1
"ASV_0988 Moraxellaceae.g Moraxella",1
"ASV_0989 Actinomycetaceae.g Trueperella",1
"ASV_0990 Cellvibrionaceae.g Cellvibrio",1
"ASV_0991 UCG-010.g NA",1
"ASV_0992 Microbacteriaceae.g NA",1
"ASV_0993 Beijerinckiaceae.g MethylobacteriumMethylorubrum",1
"ASV_0994 Christensenellaceae.g Christensenellaceae R7 group",1
"ASV_0995 NA.g NA",1
"ASV_0996 Microbacteriaceae.g NA",1
"ASV_0997 Ruminococcaceae.g NA",1
"ASV_0998 Oxalobacteraceae.g Duganella",1
"ASV_0999 Planococcaceae.g NA",1
"ASV_1000 [Eubacterium] coprostanoligenes group.g NA",1
"ASV_1001 Anaerovoracaceae.g Family XIII AD3011 group",1
"ASV_1002 Akkermansiaceae.g Akkermansia",1
"ASV_1003 Caulobacteraceae.g NA",1
"ASV_1004 NA.g NA",1
"ASV_1005 Rikenellaceae.g NA",1
"ASV_1006 NA.g NA",1
"ASV_1007 Lachnospiraceae.g Marvinbryantia",1
"ASV_1008 Family XI.g Helcococcus",1
"ASV_1009 Brevibacteriaceae.g Brevibacterium",1
"ASV_1010 Paludibacteraceae.g H1",1
"ASV_1011 Moraxellaceae.g Moraxella",1
"ASV_1012 Staphylococcaceae.g Jeotgalicoccus",1
"ASV_1013 Campylobacteraceae.g Campylobacter",1
"ASV_1014 Weeksellaceae.g NA",1
"ASV_1015 Carnobacteriaceae.g Alloiococcus",1
"ASV_1016 Oscillospiraceae.g UCG005",1
"ASV_1017 Rikenellaceae.g dgA11 gut group",1
"ASV_1018 Bacteroidaceae.g Bacteroides",1
"ASV_1019 Moraxellaceae.g Acinetobacter",1
"ASV_1020 Christensenellaceae.g Christensenellaceae R7 group",1
"ASV_1021 UCG-010.g NA",1
"ASV_1022 Family XI.g Gallicola",1
"ASV_1023 Sporolactobacillaceae.g NA",1
"ASV_1024 Dermabacteraceae.g Brachybacterium",1
"ASV_1025 Lachnospiraceae.g [Ruminococcus] gauvreauii group",1
"ASV_1026 Lactobacillaceae.g Latilactobacillus",1
"ASV_1027 Rikenellaceae.g Rikenellaceae RC9 gut group",1
"ASV_1028 Anaerovoracaceae.g Family XIII UCG001",1
"ASV_1029 Rikenellaceae.g Rikenellaceae RC9 gut group",1
"ASV_1030 Oscillospiraceae.g UCG005",1
"ASV_1031 Butyricicoccaceae.g UCG009",1
"ASV_1032 Spirochaetaceae.g Treponema",1
"ASV_1033 Staphylococcaceae.g NA",1
"ASV_1034 UCG-010.g NA",1
"ASV_1035 Lachnospiraceae.g Lachnospiraceae NK3A20 group",1
"ASV_1036 Sphingomonadaceae.g Sphingomonas",1
"ASV_1037 UCG-010.g NA",1
"ASV_1038 Clostridiaceae.g Clostridium sensu stricto 4",1
"ASV_1039 Anaerovoracaceae.g [Eubacterium] brachy group",1
"ASV_1040 Christensenellaceae.g Christensenellaceae R7 group",1
"ASV_1041 Intrasporangiaceae.g NA",1
"ASV_1042 Pseudomonadaceae.g Thiopseudomonas",1
"ASV_1043 Neisseriaceae.g Conchiformibius",1
"ASV_1044 Staphylococcaceae.g NA",1
"ASV_1045 Rhodocyclaceae.g Thauera",7
"ASV_1046 Gemmatimonadaceae.g Gemmatimonas",7
"ASV_1047 Moraxellaceae.g Alkanindiges",7
"ASV_1048 Lachnospiraceae.g Acetitomaculum",7
"ASV_1049 Clostridiaceae.g Clostridium sensu stricto 1",7
"ASV_1050 Lachnospiraceae.g NA",7
"ASV_1051 Herpetosiphonaceae.g Herpetosiphon",7
"ASV_1052 Anaerovoracaceae.g Family XIII AD3011 group",7
"ASV_1053 UCG-010.g NA",7
"ASV_1054 Coriobacteriales Incertae Sedis.g NA",7
"ASV_1055 Christensenellaceae.g Christensenellaceae R7 group",7
"ASV_1056 Spirosomaceae.g Pseudarcicella",1
"ASV_1057 Streptococcaceae.g Streptococcus",1
"ASV_1058 Rhizobiaceae.g Aureimonas",1
"ASV_1059 NA.g NA",1
"ASV_1060 Comamonadaceae.g Hydrogenophaga",1
"ASV_1061 Blastocatellaceae.g NA",1
"ASV_1062 NS11-12 marine group.g NA",1
"ASV_1063 NA.g NA",1
"ASV_1064 Lachnospiraceae.g Lachnospiraceae NK3A20 group",1
"ASV_1065 Xanthomonadaceae.g Thermomonas",1
"ASV_1066 Planococcaceae.g NA",1
"ASV_1067 Flavobacteriaceae.g Flavobacterium",1
"ASV_1068 Prevotellaceae.g Prevotella_9",1
"ASV_1069 Lachnospiraceae.g NA",1
"ASV_1070 Flavobacteriaceae.g Flavobacterium",1
"ASV_1071 Microbacteriaceae.g Leucobacter",1
"ASV_1072 Sporolactobacillaceae.g NA",1
"ASV_1073 Family XI.g Helcococcus",1
"ASV_1074 Sphingomonadaceae.g Altererythrobacter",1
"ASV_1075 Weeksellaceae.g Weeksella",1
"ASV_1076 Chitinophagaceae.g Rurimicrobium",1
"ASV_1077 Lachnospiraceae.g NA",1
"ASV_1078 Weeksellaceae.g Chryseobacterium",1
"ASV_1079 B1-7BS.g NA",1
"ASV_1080 Microbacteriaceae.g NA",1
"ASV_1081 Christensenellaceae.g Christensenellaceae R7 group",1
"ASV_1082 Unknown Family.g Acidibacter",1
"ASV_1083 Blastocatellaceae.g Stenotrophobacter",1
"ASV_1084 Microbacteriaceae.g Clavibacter",1
"ASV_1085 Geminicoccaceae.g Candidatus Alysiosphaera",1
"ASV_1086 Blastocatellaceae.g Aridibacter",1
"ASV_1087 NA.g NA",1
"ASV_1088 Weeksellaceae.g NA",1
"ASV_1089 Devosiaceae.g Devosia",1
"ASV_1090 Micrococcaceae.g Enteractinococcus",1
"ASV_1091 Oscillospiraceae.g UCG005",1
"ASV_1092 NA.g NA",1
"ASV_1093 Weeksellaceae.g Moheibacter",1
"ASV_1094 Oscillospiraceae.g UCG005",1
"ASV_1095 Alcaligenaceae.g Parapusillimonas",1
"ASV_1096 Acholeplasmataceae.g Acholeplasma",1
"ASV_1097 Monoglobaceae.g Monoglobus",1
"ASV_1098 Xanthomonadaceae.g NA",1
"ASV_1099 Alcaligenaceae.g Pusillimonas",1
"ASV_1100 Lachnospiraceae.g NA",1
"ASV_1101 Hungateiclostridiaceae.g Fastidiosipila",1
"ASV_1102 Bacteroidales RF16 group.g NA",1
"ASV_1103 Streptomycetaceae.g Streptomyces",1
"ASV_1104 Anaerovoracaceae.g Family XIII AD3011 group",1
"ASV_1105 Erysipelotrichaceae.g Erysipelothrix",1
"ASV_1106 UCG-010.g NA",1
"ASV_1107 Oscillospiraceae.g NK4A214 group",1
"ASV_1108 Hungateiclostridiaceae.g Fastidiosipila",1
"ASV_1109 Hymenobacteraceae.g Hymenobacter",1
"ASV_1110 Micrococcaceae.g Rothia",1
"ASV_1111 NA.g NA",1
"ASV_1112 NA.g NA",1
"ASV_1113 Erysipelatoclostridiaceae.g NA",1
"ASV_1114 UCG-010.g NA",1
"ASV_1115 NA.g NA",1
"ASV_1116 UCG-010.g NA",1
"ASV_1117 Actinomycetaceae.g Trueperella",1
"ASV_1118 Ruminococcaceae.g Ruminococcus",1
"ASV_1119 Atopobiaceae.g Olsenella",1
"ASV_1120 Rhizobiaceae.g Mesorhizobium",1
"ASV_1121 Rikenellaceae.g Rikenellaceae RC9 gut group",1
"ASV_1122 NA.g NA",1
"ASV_1123 Anaerovoracaceae.g Mogibacterium",1
"ASV_1124 Christensenellaceae.g Christensenellaceae R7 group",1
"ASV_1125 Peptostreptococcaceae.g Romboutsia",1
"ASV_1126 Staphylococcaceae.g Salinicoccus",1
"ASV_1127 Christensenellaceae.g Christensenellaceae R7 group",1
"ASV_1128 Geodermatophilaceae.g Antricoccus",1
"ASV_1129 Monoglobaceae.g Monoglobus",1
"ASV_1130 Ruminococcaceae.g NA",7
"ASV_1131 Prevotellaceae.g Prevotellaceae UCG003",7
"ASV_1132 Lachnospiraceae.g NA",7
"ASV_1133 NA.g NA",7
"ASV_1134 Aerococcaceae.g NA",7
"ASV_1135 Streptococcaceae.g Streptococcus",1
"ASV_1136 Atopobiaceae.g Olsenella",1
"ASV_1137 Chitinophagaceae.g Haoranjiania",1
"ASV_1138 NA.g NA",1
"ASV_1139 NA.g NA",1
"ASV_1140 Erysipelotrichaceae.g Erysipelothrix",1
"ASV_1141 Prevotellaceae.g Prevotella_9",1
"ASV_1142 Prevotellaceae.g Alloprevotella",1
"ASV_1143 NA.g NA",1
"ASV_1144 Staphylococcaceae.g NA",1
"ASV_1145 NA.g NA",1
"ASV_1146 NA.g NA",1
"ASV_1147 UCG-010.g NA",1
"ASV_1148 Erysipelotrichaceae.g Turicibacter",1
"ASV_1149 NA.g NA",1
"ASV_1150 NA.g NA",1
"ASV_1151 Oscillospiraceae.g UCG002",1
"ASV_1152 Xanthomonadaceae.g Thermomonas",1
"ASV_1153 Flavobacteriaceae.g Flavobacterium",1
"ASV_1154 Verrucomicrobiaceae.g Brevifollis",1
"ASV_1155 Lachnospiraceae.g Roseburia",1
"ASV_1156 [Eubacterium] coprostanoligenes group.g NA",1
"ASV_1157 Rhodanobacteraceae.g Tahibacter",1
"ASV_1158 Mitochondria.g NA",1
"ASV_1159 Weeksellaceae.g Chryseobacterium",1
"ASV_1160 Family XI.g Helcococcus",1
"ASV_1161 Halieaceae.g OM60(NOR5) clade",1
"ASV_1162 Microbacteriaceae.g Leucobacter",1
"ASV_1163 Rhizobiaceae.g Aquamicrobium",1
"ASV_1164 Planococcaceae.g Sporosarcina",1
"ASV_1165 Microbacteriaceae.g NA",1
"ASV_1166 NA.g NA",1
"ASV_1167 Erysipelotrichaceae.g Breznakia",1
"ASV_1168 Erysipelotrichaceae.g Turicibacter",1
"ASV_1169 Family XI.g W5053",1
"ASV_1170 [Eubacterium] coprostanoligenes group.g NA",1
"ASV_1171 Burkholderiaceae.g Cupriavidus",1
"ASV_1172 Rikenellaceae.g Alistipes",1
"ASV_1173 Moraxellaceae.g Moraxella",1
"ASV_1174 NA.g NA",1
"ASV_1175 Erysipelotrichaceae.g Erysipelotrichaceae UCG008",1
"ASV_1176 Reyranellaceae.g Reyranella",1
"ASV_1177 Oscillospiraceae.g UCG005",1
"ASV_1178 Weeksellaceae.g Moheibacter",1
"ASV_1179 Micrococcaceae.g Arthrobacter",1
"ASV_1180 NA.g NA",1
"ASV_1181 NA.g NA",1
"ASV_1182 Devosiaceae.g Devosia",1
"ASV_1183 Lachnospiraceae.g Lachnospiraceae FCS020 group",1
"ASV_1184 UCG-010.g NA",1
"ASV_1185 Hungateiclostridiaceae.g Fastidiosipila",1
"ASV_1186 NA.g NA",1
"ASV_1187 Lachnospiraceae.g Lachnospiraceae FCS020 group",1
"ASV_1188 Acholeplasmataceae.g Acholeplasma",1
"ASV_1189 Lachnospiraceae.g Lachnospiraceae UCG002",1
"ASV_1190 Campylobacteraceae.g Campylobacter",1
"ASV_1191 Christensenellaceae.g Christensenellaceae R7 group",1
"ASV_1192 Monoglobaceae.g Monoglobus",1
"ASV_1193 Lachnospiraceae.g Marvinbryantia",1
"ASV_1194 Mitochondria.g NA",1
"ASV_1195 Actinomycetaceae.g Arcanobacterium",1
"ASV_1196 Mycoplasmataceae.g Mycoplasma",1
"ASV_1197 Sphingobacteriaceae.g NA",1
"ASV_1198 Lachnospiraceae.g NA",1
"ASV_1199 NA.g NA",1
"ASV_1200 NS11-12 marine group.g NA",1
"ASV_1201 Moraxellaceae.g Moraxella",1
"ASV_1202 Lachnospiraceae.g NA",1
"ASV_1203 Muribaculaceae.g NA",1
"ASV_1204 Monoglobaceae.g Monoglobus",1
"ASV_1205 Anaerovoracaceae.g Family XIII AD3011 group",1
"ASV_1206 Family XI.g Helcococcus",1
"ASV_1207 Streptococcaceae.g Streptococcus",1
"ASV_1208 Family XI.g W5053",1
"ASV_1209 Chitinophagaceae.g Sediminibacterium",1
"ASV_1210 Nitrosomonadaceae.g DSSD61",1
"ASV_1211 NA.g NA",1
"ASV_1212 NA.g NA",1
"ASV_1213 Oscillospiraceae.g NA",1
"ASV_1214 NA.g NA",1
"ASV_1215 Hungateiclostridiaceae.g Saccharofermentans",1
"ASV_1216 NA.g NA",1
"ASV_1217 Spongiibacteraceae.g BD17 clade",1
"ASV_1218 Prevotellaceae.g Alloprevotella",1
"ASV_1219 Alcaligenaceae.g Paenalcaligenes",1
"ASV_1220 Bacteroidales RF16 group.g NA",1
"ASV_1221 Butyricicoccaceae.g NA",1
"ASV_1222 Acholeplasmataceae.g Acholeplasma",1
"ASV_1223 Nocardioidaceae.g Nocardioides",1
"ASV_1224 Alcaligenaceae.g Oligella",1
"ASV_1225 Lachnospiraceae.g 284",1
"ASV_1226 NA.g NA",1
"ASV_1227 NA.g NA",1
"ASV_1228 Christensenellaceae.g Christensenellaceae R7 group",1
"ASV_1229 Obscuribacteraceae.g NA",1
"ASV_1230 Prevotellaceae.g Prevotellaceae UCG003",1
"ASV_1231 Erysipelotrichaceae.g Erysipelothrix",1
"ASV_1232 Lachnospiraceae.g NA",1
"ASV_1233 Erysipelatoclostridiaceae.g UCG004",1
"ASV_1234 Micrococcaceae.g NA",1
"ASV_1235 Saccharospirillaceae.g Oceanobacter",1
"ASV_1236 Aerococcaceae.g Facklamia",1
"ASV_1237 Flavobacteriaceae.g Flavobacterium",1
"ASV_1238 Acholeplasmataceae.g Acholeplasma",1
"ASV_1239 Lachnospiraceae.g Agathobacter",1
"ASV_1240 Devosiaceae.g Devosia",1
"ASV_1241 Spirosomaceae.g Dyadobacter",1
"ASV_1242 Lachnospiraceae.g Lachnospiraceae AC2044 group",7
"ASV_1243 Ruminococcaceae.g UCG001",1
"ASV_1244 Erysipelotrichaceae.g Faecalitalea",1
"ASV_1245 Oscillospiraceae.g UCG005",1
"ASV_1246 Christensenellaceae.g Christensenellaceae R7 group",1
"ASV_1247 Rickettsiaceae.g Rickettsia",1
"ASV_1248 Streptomycetaceae.g Streptomyces",1
"ASV_1249 Enterobacteriaceae.g Citrobacter",1
"ASV_1250 UCG-010.g NA",1
"ASV_1251 Nocardioidaceae.g Nocardioides",1
"ASV_1252 Sphingobacteriaceae.g NA",1
"ASV_1253 Sporomusaceae.g Pelosinus",1
"ASV_1254 [Eubacterium] coprostanoligenes group.g NA",1
"ASV_1255 Eggerthellaceae.g Parvibacter",1
"ASV_1256 Rikenellaceae.g Alistipes",1
"ASV_1257 Atopobiaceae.g Atopobium",1
"ASV_1258 Thermaceae.g Meiothermus",1
"ASV_1259 Anaerovoracaceae.g Family XIII AD3011 group",1
"ASV_1260 Prevotellaceae.g Prevotella_9",1
"ASV_1261 Family XI.g Finegoldia",1
"ASV_1262 Sphingomonadaceae.g Novosphingobium",1
"ASV_1263 NA.g NA",1
"ASV_1264 Rikenellaceae.g Rikenellaceae RC9 gut group",1
"ASV_1265 Hungateiclostridiaceae.g Fastidiosipila",1
"ASV_1266 Lachnospiraceae.g [Eubacterium] hallii group",1
"ASV_1267 UCG-010.g NA",1
"ASV_1268 NA.g NA",1
"ASV_1269 Xanthomonadaceae.g NA",1
"ASV_1270 Flavobacteriaceae.g Flavobacterium",1
"ASV_1271 Christensenellaceae.g Christensenellaceae R7 group",1
"ASV_1272 NA.g NA",1
"ASV_1273 Rikenellaceae.g Rikenellaceae RC9 gut group",1
"ASV_1274 NA.g NA",1
"ASV_1275 Prevotellaceae.g Prevotellaceae UCG004",1
"ASV_1276 Spirosomaceae.g Dyadobacter",1
"ASV_1277 Bacteroidaceae.g Bacteroides",1
"ASV_1278 Dysgonomonadaceae.g Fermentimonas",1
"ASV_1279 Rikenellaceae.g Alistipes",1
"ASV_1280 Ruminococcaceae.g Paludicola",1
"ASV_1281 Sphingomonadaceae.g Sphingomonas",1
"ASV_1282 NA.g NA",1
"ASV_1283 Thermaceae.g Meiothermus",1
"ASV_1284 NA.g NA",1
"ASV_1285 Sphingomonadaceae.g Novosphingobium",1
"ASV_1286 Spirosomaceae.g Dyadobacter",1
"ASV_1287 Rhodobacteraceae.g NA",1
"ASV_1288 Rhizobiaceae.g Aquamicrobium",1
"ASV_1289 Flavobacteriaceae.g Flavobacterium",1
"ASV_1290 NA.g NA",1
"ASV_1291 NA.g NA",1
"ASV_1292 NA.g NA",1
"ASV_1293 Lachnospiraceae.g NA",1
"ASV_1294 Rikenellaceae.g Rikenellaceae RC9 gut group",1
"ASV_1295 Actinomycetaceae.g NA",1
"ASV_1296 NA.g NA",1
"ASV_1297 Bacteroidaceae.g Bacteroides",1
"ASV_1298 Anaerovoracaceae.g Family XIII UCG001",1
"ASV_1299 Peptococcaceae.g NA",1
"ASV_1300 Methylococcaceae.g Methylococcus",1
"ASV_1301 Bacteroidales RF16 group.g NA",1
"ASV_1302 Deinococcaceae.g Deinococcus",1
"ASV_1303 Family XI.g Tissierella",1
"ASV_1304 Crocinitomicaceae.g Fluviicola",1
"ASV_1305 Victivallaceae.g Victivallis",1
"ASV_1306 Hungateiclostridiaceae.g NA",1
"ASV_1307 Carnobacteriaceae.g Jeotgalibaca",1
"ASV_1308 Family XI.g Tissierella",1
"ASV_1309 Flavobacteriaceae.g NA",1
"ASV_1310 Rikenellaceae.g Rikenellaceae RC9 gut group",1
"ASV_1311 Oscillospiraceae.g NK4A214 group",1
"ASV_1312 NA.g NA",1
"ASV_1313 vadinBE97.g NA",1
"ASV_1314 Brevibacteriaceae.g Brevibacterium",1
"ASV_1315 Rhodobacteraceae.g Paracoccus",1
"ASV_1316 Victivallaceae.g NA",1
"ASV_1317 Bdellovibrionaceae.g Bdellovibrio",1
"ASV_1318 Anaerovoracaceae.g [Eubacterium] nodatum group",1
"ASV_1319 Rhodobacteraceae.g NA",1
"ASV_1320 NA.g NA",1
"ASV_1321 Idiomarinaceae.g Aliidiomarina",1
"ASV_1322 Atopobiaceae.g Atopobium",1
"ASV_1323 UCG-010.g NA",1
"ASV_1324 Rikenellaceae.g Alistipes",1
"ASV_1325 env.OPS 17.g NA",1
"ASV_1326 Sphingobacteriaceae.g Mucilaginibacter",1
"ASV_1327 Erysipelotrichaceae.g Erysipelothrix",1
"ASV_1328 Microbacteriaceae.g Leucobacter",1
"ASV_1329 Paenibacillaceae.g Paenibacillus",1
"ASV_1330 NA.g NA",1
"ASV_1331 Gemmataceae.g Fimbriiglobus",1
"ASV_1332 Lachnospiraceae.g [Ruminococcus] torques group",1
"ASV_1333 [Eubacterium] coprostanoligenes group.g NA",1
"ASV_1334 NA.g NA",1
"ASV_1335 Anaerovoracaceae.g [Eubacterium] brachy group",1
"ASV_1336 Anaerovoracaceae.g Family XIII UCG001",1
"ASV_1337 Chitinophagaceae.g Haoranjiania",1
"ASV_1338 Mitochondria.g NA",1
"ASV_1339 Anaerovoracaceae.g NA",1
"ASV_1340 Weeksellaceae.g Bergeyella",1
"ASV_1341 Methylococcaceae.g Methylococcus",1
"ASV_1342 Prevotellaceae.g Prevotella_9",1
"ASV_1343 Chitinophagaceae.g NA",1
"ASV_1344 NA.g NA",1
"ASV_1345 NA.g NA",1
"ASV_1346 Hymenobacteraceae.g Hymenobacter",1
"ASV_1347 Weeksellaceae.g Moheibacter",1
"ASV_1348 Atopobiaceae.g Atopobium",1
"ASV_1349 Sphingobacteriaceae.g NA",1
"ASV_1350 Phycisphaeraceae.g SM1A02",1
"ASV_1351 NA.g NA",1
"ASV_1352 Oscillospiraceae.g UCG005",1
"ASV_1353 Oscillospiraceae.g Intestinimonas",1
"ASV_1354 Bdellovibrionaceae.g Bdellovibrio",1
"ASV_1355 Bryobacteraceae.g Bryobacter",1
"ASV_1356 Bifidobacteriaceae.g Bifidobacterium",1
"ASV_1357 Aerococcaceae.g Facklamia",1
"ASV_1358 Planococcaceae.g NA",1
"ASV_1359 Rhodobacteraceae.g Gemmobacter",1
"ASV_1360 Christensenellaceae.g Christensenellaceae R7 group",1
"ASV_1361 Rikenellaceae.g Rikenellaceae RC9 gut group",1
"ASV_1362 Weeksellaceae.g Bergeyella",1
"ASV_1363 Oscillospiraceae.g NK4A214 group",1
"ASV_1364 Lachnospiraceae.g NA",1
"ASV_1365 Guggenheimella.g NA",1
"ASV_1366 Rhodobacteraceae.g Pseudorhodobacter",1
"ASV_1367 Neisseriaceae.g NA",1
"ASV_1368 NA.g NA",1
"ASV_1369 NA.g NA",1
"ASV_1370 Rubritaleaceae.g Luteolibacter",1
"ASV_1371 Ruminococcaceae.g Ruminococcus",1
"ASV_1372 Erysipelatoclostridiaceae.g UCG004",1
"ASV_1373 NA.g NA",1
"ASV_1374 [Eubacterium] coprostanoligenes group.g NA",1
"ASV_1375 Rhizobiaceae.g AllorhizobiumNeorhizobiumPararhizobiumRhizobium",1
"ASV_1376 Lachnospiraceae.g Agathobacter",1
"ASV_1377 Dysgonomonadaceae.g Fermentimonas",1
"ASV_1378 Flavobacteriaceae.g Flavobacterium",1
"ASV_1379 UCG-010.g NA",1
"ASV_1380 NA.g NA",1
"ASV_1381 Anaerovoracaceae.g [Eubacterium] nodatum group",1
"ASV_1382 Christensenellaceae.g Christensenellaceae R7 group",1
"ASV_1383 Aerococcaceae.g NA",1
"ASV_1384 NA.g NA",1
"ASV_1385 Streptococcaceae.g Streptococcus",1
"ASV_1386 Hungateiclostridiaceae.g Fastidiosipila",1
"ASV_1387 Anaerovoracaceae.g Family XIII AD3011 group",1
"ASV_1388 UCG-010.g NA",1
"ASV_1389 Anaerovoracaceae.g Family XIII AD3011 group",1
"ASV_1390 NA.g NA",1
"ASV_1391 Lachnospiraceae.g NA",1
"ASV_1392 Ruminococcaceae.g NA",1
"ASV_1393 NA.g NA",1
"ASV_1394 Christensenellaceae.g Christensenellaceae R7 group",1
"ASV_1395 Moraxellaceae.g Faucicola",1
"ASV_1396 Desulfovibrionaceae.g Mailhella",1
"ASV_1397 Moraxellaceae.g Psychrobacter",1
"ASV_1398 Mitochondria.g NA",1
"ASV_1399 Anaerovoracaceae.g [Eubacterium] nodatum group",1
"ASV_1400 Deinococcaceae.g Deinococcus",1
"ASV_1401 Clostridiaceae.g Clostridium sensu stricto 1",1
"ASV_1402 Herpetosiphonaceae.g Herpetosiphon",1
"ASV_1403 Rikenellaceae.g Alistipes",1
"ASV_1404 UCG-010.g NA",1
"ASV_1405 Erysipelatoclostridiaceae.g UCG004",1
"ASV_1406 Christensenellaceae.g NA",1
"ASV_1407 NA.g NA",1
"ASV_1408 Anaerovoracaceae.g Mogibacterium",1
"ASV_1409 NA.g NA",1
"ASV_1410 Streptococcaceae.g Streptococcus",1
"ASV_1411 Acidaminococcaceae.g Phascolarctobacterium",1
"ASV_1412 Comamonadaceae.g Inhella",1
"ASV_1413 Hymenobacteraceae.g Hymenobacter",1
"ASV_1414 NA.g NA",1
"ASV_1415 Christensenellaceae.g Christensenellaceae R7 group",1
"ASV_1416 Christensenellaceae.g Christensenellaceae R7 group",1
"ASV_1417 Erysipelotrichaceae.g [Anaerorhabdus] furcosa group",1
"ASV_1418 Anaerovoracaceae.g NA",1
"ASV_1419 UCG-010.g NA",1
"ASV_1420 Ruminococcaceae.g Candidatus Soleaferrea",1
"ASV_1421 Sporomusaceae.g Pelosinus",1
"ASV_1422 Hydrogenoanaerobacterium.g NA",1
"ASV_1423 NA.g NA",1
"ASV_1424 Rikenellaceae.g Rikenellaceae RC9 gut group",1
"ASV_1425 Brevibacteriaceae.g Brevibacterium",1
"ASV_1426 Bdellovibrionaceae.g Bdellovibrio",1
"ASV_1427 Anaerovoracaceae.g Mogibacterium",1
"ASV_1428 Bacteroidaceae.g Bacteroides",1
"ASV_1429 Family XI.g Peptoniphilus",1
"ASV_1430 NA.g NA",1
"ASV_1431 Veillonellaceae.g Dialister",1
"ASV_1432 Abditibacteriaceae.g Abditibacterium",1
"ASV_1433 Prevotellaceae.g Prevotellaceae UCG003",1
"ASV_1434 NA.g NA",1
"ASV_1435 Brevibacteriaceae.g Brevibacterium",1
"ASV_1436 Peptostreptococcaceae.g NA",1
"ASV_1437 Flavobacteriaceae.g Flavobacterium",1
"ASV_1438 Actinomycetaceae.g Actinomyces",1
"ASV_1439 UCG-010.g NA",1
"ASV_1440 Mitochondria.g NA",1
"ASV_1441 Clostridiaceae.g Clostridium sensu stricto 1",1
"ASV_1442 [Eubacterium] coprostanoligenes group.g NA",1
"ASV_1443 Devosiaceae.g Devosia",1
"ASV_1444 Akkermansiaceae.g Akkermansia",1
"ASV_1445 Ruminococcaceae.g NA",1
"ASV_1446 Bryobacteraceae.g Bryobacter",1
"ASV_1447 Anaerovoracaceae.g Mogibacterium",1
"ASV_1448 Verrucomicrobiaceae.g Prosthecobacter",1
"ASV_1449 NA.g NA",1
"ASV_1450 Anaerovoracaceae.g Family XIII AD3011 group",1
"ASV_1451 Dysgonomonadaceae.g Fermentimonas",1
"ASV_1452 Erysipelotrichaceae.g [Anaerorhabdus] furcosa group",1
"ASV_1453 Anaerovoracaceae.g NA",1
"ASV_1454 Peptostreptococcaceae.g NA",1
"ASV_1455 NA.g NA",1
"ASV_1456 Nocardiaceae.g Rhodococcus",1
"ASV_1457 Aerococcaceae.g Aerosphaera",1
"ASV_1458 Microbacteriaceae.g NA",1
"ASV_1459 Moraxellaceae.g Moraxella",1
"ASV_1460 Carnobacteriaceae.g Atopostipes",1
"ASV_1461 NA.g NA",1
"ASV_1462 Ruminococcaceae.g Candidatus Soleaferrea",1
"ASV_1463 Ruminococcaceae.g Candidatus Soleaferrea",1
"ASV_1464 Anaerovoracaceae.g Family XIII AD3011 group",1
"ASV_1465 Saccharospirillaceae.g Oceanobacter",1
"ASV_1466 Anaerovoracaceae.g [Eubacterium] brachy group",1
"ASV_1467 NA.g NA",1
"ASV_1468 Xanthomonadaceae.g NA",1
"ASV_1469 Hungateiclostridiaceae.g NA",1
"ASV_1470 NA.g NA",1
"ASV_1471 Carnobacteriaceae.g NA",1
"ASV_1472 Oscillospiraceae.g NA",1
"ASV_1473 Cellvibrionaceae.g Eionea",1
"ASV_1474 Alcaligenaceae.g Pusillimonas",1
"ASV_1475 Comamonadaceae.g Acidovorax",1
"ASV_1476 Erysipelotrichaceae.g Erysipelothrix",1
"ASV_1477 Comamonadaceae.g Inhella",1
"ASV_1478 NA.g NA",1
"ASV_1479 Christensenellaceae.g Christensenellaceae R7 group",1
"ASV_1480 Lachnospiraceae.g [Ruminococcus] torques group",1
"ASV_1481 Bifidobacteriaceae.g NA",1
"ASV_1482 Oscillospiraceae.g NA",1
"ASV_1483 Erysipelotrichaceae.g Erysipelothrix",1
"ASV_1484 Comamonadaceae.g NA",1
"ASV_1485 Bifidobacteriaceae.g Gardnerella",1
"ASV_1486 Bacillaceae.g NA",1
"ASV_1487 NA.g NA",1
"ASV_1488 Family XI.g Helcococcus",1
"ASV_1489 Aerococcaceae.g NA",1
"ASV_1490 Lachnospiraceae.g NA",1
"ASV_1491 Sporolactobacillaceae.g NA",1
"ASV_1492 Micrococcaceae.g Neomicrococcus",1
"ASV_1493 Lachnospiraceae.g NA",1
"ASV_1494 Anaerovoracaceae.g Mogibacterium",1
"ASV_1495 NA.g NA",1
